"type","question","options","answer"
"单选题","制定《政府采购竞争性磋商采购方式管理暂行办法》的法律依据是（）","A. 《招标投标法》
B. 《政府采购法》
C. 《预算法》
D. 《政府采购法实施条例》","B"
"单选题","采用公告方式邀请供应商的，竞争性磋商公告应当在哪个层级以上人民政府财政部门指定媒体发布（）","A. 县级
B. 设区的市、自治州
C. 省级
D. 国家级","C"
"单选题","根据《政府采购竞争性磋商采购方式管理暂行办法》，磋商文件的发售期限自开始发售之日起至停止发售之日止，不得少于（）","A. 3个工作日
B. 5个工作日
C. 5日
D. 10日","B"
"单选题","在竞争性磋商采购中，从磋商文件发出之日起至供应商提交首次响应文件截止之日止，不得少于（）","A. 3日
B. 5日
C. 10日
D. 20日","C"
"单选题","根据《政府采购竞争性磋商采购方式管理暂行办法》，磋商保证金最高不得超过采购项目预算的（）","A. 1%
B. 1‰
C. 2%
D. 2‰","C"
"单选题","在竞争性磋商采购中，磋商小组由采购人代表和评审专家共3人以上单数组成，其中评审专家人数不得少于磋商小组成员总数的（）","A. 1/3
B. 2/3
C. 3/4
D. 4/5","B"
"单选题","根据《政府采购竞争性磋商采购方式管理暂行办法》，采取采购人和评审专家书面推荐方式选择供应商的，采购人推荐供应商的比例不得高于推荐供应商总数的（）","A. 30%
B. 40%
C. 50%
D. 60%","C"
"单选题","在竞争性磋商采购中，综合评分法服务采购项目的价格分值权重范围为（）","A. 10%–30%
B. 20%–40%
C. 30%–50%
D. 30%–60%","A"
"单选题","根据《政府采购竞争性磋商采购方式管理暂行办法》，在竞争性磋商采购项目中，成交供应商确定后，采购人或采购代理机构应当在（）个工作日内在指定媒体公告成交结果。","A. 1
B. 2
C. 3
D. 5","B"
"单选题","在竞争性磋商采购中，未成交供应商的磋商保证金应当自发出成交通知书之日起几个工作日内退还（）","A. 3
B. 5
C. 7
D. 10","B"
"单选题","根据《政府采购竞争性磋商采购方式管理暂行办法》，采购人、采购代理机构应当采取必要措施，保证磋商在何种情况下进行？（）","A. 公开透明
B. 严格保密
C. 全程录音录像并即时直播
D. 向所有供应商同步公开过程","B"
"单选题","在某政府采购项目中，因设备技术复杂，采用竞争性磋商方式采购一批可研设备。磋商过程中，采购人发现原磋商文件中的技术参数存在缺陷，需对设备性能指标作出实质性修改。根据《政府采购竞争性磋商采购方式管理暂行办法》第二十条，以下做法正确的是（ ）。","A. 磋商小组口头通知部分供应商修改内容，后续再补书面通知
B. 磋商小组将修改内容仅书面通知提出异议的供应商
C. 磋商小组应将实质性变动内容以书面形式同时通知所有参加磋商的供应商
D. 磋商小组直接修改磋商文件后继续评审，无需通知供应商","C"
"单选题","A市医院某服务采购项目采用竞争性磋商方式，评审报告提交后，采购人因内部审批流程延迟，未在规定期限内确定成交供应商，且未对评审报告提出任何异议。根据《政府采购竞争性磋商采购方式管理暂行办法》第二十八条，以下说法正确的是（ ）。","A. 采购人可继续无限期拖延，直至完成内部审批
B. 采购人需重新组织磋商活动，重新评审
C. 视为确定评审报告提出的排序第一的供应商为成交供应商
D. 由财政部门直接指定成交供应商","C"
"单选题","某政府采购项目采用竞争性磋商方式，磋商小组在评审过程中发现竞争性磋商文件中要求的某项技术参数违反了国家节能环保强制性标准。根据《政府采购竞争性磋商采购方式管理暂行办法》第十六条第二款，磋商小组应当（ ）。","A. 继续评审，并在评审报告中说明情况
B. 继续评审，但要求采购人书面承诺纠正
C. 停止评审，并向采购人或采购代理机构说明情况
D. 停止评审，并直接报告财政部门处理","C"
"单选题","A市采用竞争性磋商方式采购应急指挥车，发成交通知书后，因突发洪灾，财政资金全部转防汛，采购任务取消。依据《政府采购竞争性磋商采购方式管理暂行办法》第三十五条，采购人应当：","A. 终止采购、通知全部供应商并报财政
B. 延期签约
C. 改用询价
D. 自行取消不报备","A"
"单选题","A政府采购项目采用竞争性磋商方式完成采购后，采购代理机构发布成交结果公告。根据《政府采购竞争性磋商采购方式管理暂行办法》第二十九条，以下内容不需要包含在公告中的是（ ）。","A. 成交供应商的名称、地址及成交金额
B. 主要成交标的的规格型号、数量、单价和服务要求
C. 所有参与磋商供应商的最终报价明细
D. 磋商小组成员名单","C"
"单选题","H市“智慧停车”PPP项目采用竞争性磋商方式采购。共有3家社会资本提交响应文件，经资格性和实质性审查，仅1家完全符合要求，其余2家因未按采购文件提供关键证明材料被认定为无效响应。此时，采购人应当（ ）。","A. 与唯一合格供应商继续磋商并推荐成交
B. 依法转为单一来源采购方式
C. 终止本次竞争性磋商，发布终止公告并重新开展采购
D. 报市级财政部门批准后继续完成磋商程序","C"
"单选题","Q市属医院（主管预算单位为市卫健委）采购一批进口医疗设备，预算金额为480万元（当地公开招标数额标准为400万元）。因设备技术复杂，拟采用竞争性磋商方式。以下做法符合规定的是（ ）。","A. 医院直接向市财政局申请批准，未报市卫健委同意
B. 经市卫健委同意后，医院向省级财政部门申请批准
C. 因涉及进口产品，需报财政部批准竞争性磋商
D. 经市卫健委同意后，医院向市财政局申请批准","D"
"单选题","Y省部分高校因拟采购的实验室科研设备技术结构复杂、专业要求特殊，决定采用竞争性磋商方式组织实施本次采购，采购人擅自提高经费预算标准导致磋商文件被投诉，财政部门认定违规，此时已完成的采购合同应当如何处理？（）","A. 合同继续有效，仅对采购人警告罚款
B. 合同自动失效，成交供应商可要求缔约过失赔偿
C. 由财政部门决定是否撤销合同
D. 合同效力不受影响，但须补报财政部备案","C"
"单选题","某市公安局的一政府采购项目采用竞争性磋商方式，评审结束后，采购代理机构发现磋商小组对供应商A的“技术响应”项评分中，存在同一评审因素重复扣分的情况（总扣分超出磋商文件规定的上限）。根据第三十二条，以下处理方式正确的是（ ）。","A. 采购代理机构可直接修改评分结果，重新汇总后确定成交供应商
B. 采购人应组织原磋商小组重新评审，修正重复扣分问题
C. 采购人、采购代理机构需重新开展采购活动，并书面报告财政部门
D. 因重复扣分属于“分值汇总计算错误”，可组织重新评审并报财政部门备案","B"
"单选题","某教育局一采购项目采用竞争性磋商方式进行采购，在评审过程中，评审专家发现供应商A提交的业绩合同存在伪造公章的嫌疑，但无法立即核实。以下做法正确的是（ ）。","A. 立即停止评审，并向当地公安机关报案
B. 在评审报告中记录该情况，但无需主动报告财政部门
C. 继续评审，待评审结束后以个人名义向财政部门提交书面举报材料
D. 及时向财政部门书面报告供应商涉嫌违法的线索，并暂停评审直至财政部门指示","D"
"单选题","评审结束后，采购人认为成交候选人B的报价明显低于成本价，要求磋商小组重新评审。磋商小组复核后确认报价合理，但采购人仍坚持重新评审。根据第三十二条，以下说法正确的是（ ）。","A. 采购人有权要求磋商小组多次重新评审，直至确认报价异常
B. 因报价合理性不属于法定重新评审情形，磋商小组应拒绝采购人要求
C. 采购人可自行委托第三方机构对B的报价进行成本检测，并依据检测结果改变评审结果
D. 若其他供应商未提出异议，采购人可直接调整评审结果并确认B为成交供应商","B"
"多选题","根据《政府采购竞争性磋商采购方式管理暂行办法》的规定，下列选项中可以采用竞争性磋商方式的情形有（ ）","A. 政府购买服务项目
B. 技术复杂不能确定详细规格的
C. 市场竞争不充分的科研项目，以及需要扶持的科技成果转化项目
D. 必须进行招标的工程建设项目以外的工程建设项目","ABCD"
"多选题","根据《政府采购竞争性磋商采购方式管理暂行办法》的规定，下列选项中，属于磋商文件应当包含的内容有（）。","A. 采购需求
B. 供应商的注册资本要求
C. 评审程序
D. 合同草案条款","ACD"
"多选题","某科研所组织的竞争性磋商活动中，供应商B在竞争性磋商项目中提交响应文件后，发现其中技术参数存在错误，拟在截止时间前撤回并重新提交。以下错误的做法是（ ）","A. 供应商B口头通知采购代理机构撤回文件，并于截止时间前重新提交新文件
B. 供应商B通过快递寄送撤回书面通知，但因快递延误导致采购代理机构在截止时间后收到通知
C. 供应商B同时向采购人和采购代理机构发送撤回的书面通知，并在截止时间前重新提交新文件
D. 供应商B直接将原响应文件撕毁，然后重新制作一份新的响应文件，在截止时间前送至采购人处，未与采购人进行任何沟通说明","ABD"
"多选题","某竞争性磋商项目要求供应商提交磋商保证金，以下操作符合《政府采购竞争性磋商采购方式管理暂行办法》第十二条第一款规定的有（ ）。","A. 供应商A通过银行本票方式提交保证金，但未在响应文件中附本票复印件
B. 供应商B提交由某国有银行出具的履约保函（保函中注明“仅用于履约担保，非磋商保证金”）
C. 供应商C提交由某融资性担保公司出具的保函，并附该担保公司的融资担保业务经营许可证复印件
D. 供应商D提交由其子公司（非金融机构）出具的保函，并承诺若违约由母公司代为赔付","AC"
"多选题","某竞争性磋商项目评审结束后，采购代理机构编制的评审报告存在以下内容，根据第二十六条，必须修正或补充的有（ ）。","A. 评审情况记录中仅列明“供应商A、B、C通过资格审查”，但未说明未通过资格审查的供应商名单及原因
B. 响应文件开启日期记录为“2023年10月15日上午9:00”，但监控录像显示实际开启时间为9:15
C. 磋商小组成员名单中包含1名采购人代表，但未注明其专业背景或职务
D. 成交候选供应商排序名单中，供应商D排名第一的理由仅记载“综合评分最高”，未附具体评分明细
E. 获取磋商文件的供应商名单中遗漏了1家已缴纳保证金但未参与磋商的供应商","ABDE"
"多选题","根据《政府采购竞争性磋商采购方式管理暂行办法》，出现下列哪些情形，采购人应当终止竞争性磋商采购活动（）","A. 符合要求的供应商不足3家（本办法第二十一条第三款规定的情形和财库〔2015〕124号规定的情形除外）
B. 出现违法违规行为
C. 采购任务因重大变故取消
D. 磋商文件笔误","ABC"
"多选题","A省D市建设局的一政府采购竞争性磋商项目，采购代理机构或者采购人在组织过程中出现以下行为，违反《政府采购竞争性磋商采购方式管理暂行办法》第十七条的有（ ）。","A. 在磋商小组评审前，向评审专家暗示“供应商A的产品曾在本单位其他项目中表现优异”
B. 为方便供应商了解项目现场，单独安排供应商B在非工作时间进行实地考察
C. 在答疑会上，针对供应商C提出的“技术参数是否可放宽”问题，回复“需严格按磋商文件执行 ”
D. 向评审专家发放项目背景资料时，附上采购人倾向的供应商名单及联系方式","ABD"
"多选题","某单位因拟采购的实验室科研设备技术结构复杂、专业要求特殊，决定采用竞争性磋商方式组织实施本次采购。关于本次采购评审中价格分值的权重设置，下列选项中符合《政府采购竞争性磋商采购方式管理暂行办法》规定的有（ ）。","A. 20%
B. 40%
C. 50%
D. 60%","BCD"
"多选题","在竞争性磋商采购中，磋商小组要求供应商澄清的内容不得（）","A. 超出响应文件范围
B. 改变实质性内容
C. 补正计算错误
D. 更正文字错误","AB"
"多选题","根据《政府采购竞争性磋商采购方式管理暂行办法》及相关规定，下列关于政府采购供应商库的说法中，正确的有（）","A. 财政部门不得收取入库费用
B. 不得利用供应商库进行地区封锁
C. 符合条件供应商可随时申请入库
D. 符合条件供应商可在采购活动开始前申请入库","ABD"
"多选题","根据《政府采购竞争性磋商采购方式管理暂行办法》，关于采购人确定成交供应商，下列说法正确的有（ ）","A. 采购人应当在收到评审报告后5个工作日内确定成交供应商
B. 采购人应当从评审报告提出的成交候选供应商中，按照排序由高到低的原则确定成交供应商
C. 采购人可以书面授权磋商小组直接确定成交供应商
D. 采购人逾期未确定成交供应商且不提出异议的，视为确定评审报告提出的排序第一的供应商为成交供应商","ABCD"
"多选题","某“智能监控系统”采购项目采用竞争性磋商方式，评审时最后报价分别为：供应商甲：88万元、供应商乙：95万元、供应商丙：82万元供应商丁：105万元、磋商小组在计算价格分时，下列做法符合《政府采购竞争性磋商采购方式管理暂行办法》第二十四条规定的有（ ）。","A. 采用综合评分法，价格分统一采用低价优先法计算
B. 去掉最高报价105万元和最低报价82万元，以乙、甲报价的平均值作为磋商基准价
C. 按公式“磋商报价得分 = (磋商基准价/最后磋商报价) × 价格权值 × 100”计算各供应商价格分
D. 将最低报价82万元设为磋商基准价
E. 在评审过程中，因丁的报价过高，决定将其报价排除后计算基准价","ACD"
"多选题","某市数据局采用竞争性磋商方式采购“政务数据治理服务”。磋商文件要求供应商提供有效的营业执照副本复印件和近3年无重大违法记录的书面声明。供应商甲在响应文件中提交了上述材料并成交。后经查实，其营业执照已于响应文件提交前被吊销。下列说法正确的有（  ）。","A. 供应商应对其提交的响应文件的真实性、合法性承担法律责任
B. 提交已被吊销的营业执照，属于提供不合法的响应材料
C. 即使供应商不知晓执照被吊销，仍需依法承担责任
D. 磋商小组应在评审阶段对营业执照真实性进行司法鉴定","ABC"
"多选题","根据《政府采购竞争性磋商采购方式管理暂行办法》，下列哪些事项必须在竞争性磋商公告中公开？（）","A. 采购项目预算金额
B. 获取磋商文件的时间、地点、方式及售价
C. 响应文件提交的截止时间、开启时间及地点
D. 评审专家的人数与专业要求","ABC"
"多选题","根据《政府采购竞争性磋商采购方式管理暂行办法》，关于采购人与成交供应商签订合同时，采购人不得对下列哪些内容进行变更（）","A. 提高技术标准
B. 减少采购数量
C. 增加实质性条款
D. 要求成交供应商赠送耗材","ABCD"
"多选题","某高校就一信息化建设项目采用竞争性磋商方式进行政府采购。在磋商过程中，下列哪些做法符合《政府采购竞争性磋商采购方式管理暂行办法》第十九条的规定？","A. 磋商小组先与报价最低的供应商进行磋商，再视情况决定是否与其他供应商磋商
B. 磋商小组集中全体成员，分别与每一家提交响应文件的供应商进行一对一磋商
C. 为提高效率，磋商小组分两组同时与不同供应商进行磋商
D. 磋商小组给予所有实质性响应的供应商平等的磋商机会，包括相同的问题澄清时间与技术方案修改机会","BD"
"多选题","某高校拟以竞争性磋商方式，采购技术复杂的专用科研设备。磋商文件规定：“提供国家强制节能认证产品的，每项加2分；未提供的，不加分但可参与评审。”评审中，磋商小组发现该要求将《节能产品政府采购清单》中的强制采购品目仅作为加分项，未设为实质性响应条件。此时，磋商小组应如何处理？","A. 继续评审，因多数供应商已按文件准备材料
B. 停止评审
C. 向采购人或采购代理机构说明情况
D. 直接书面报告财政部门","BC"
"多选题","某市高校采用竞争性磋商方式采购信息化系统建设项目。评审结束后发 现：①专家甲对供应商A的“业绩”项（属客观分）打3分，其他专家均打 1分；②汇总表因录入错误，将供应商B的总分少计2分；③成交候选人C提供的设备样品经第三方检测，关键参数低于响应文件承诺值。采购人拟组织重新评审。下列说法符合规定的有（ ）。","A. 因客观分评分不一致，可对第①项重新评审
B. 因分值汇总计算错误，可对第②项重新评审
C. 因样品检测结果不符，可据此取消C资格并调整排序
D. 重新评审方案须报财政部门批准后方可实施","AB"
"多选题","某高校竞争性磋商采购教学软件系统。3人磋商小组评审后，2人同意推荐 A公司为第一成交候选人，专家王某反对但未在评审报告上签字，也未提交书面说明。下列做法中，符合规定的有（ ）。","A. 磋商小组按少数服从多数原则确定A公司为成交候选人，采购程序继续
B. 要求王某必须在报告上签署不同意见并说明理由
C. 因王某拒签且未说明理由，视为其同意评审报告
D. 采购人应在3个工作日内确认成交结果","AC"
"多选题","某市医院采用竞争性磋商方式采购医疗信息系统。磋商小组在评审过程中发现供应商有下列哪些违法行为时，应当及时向财政部门报告？（ ）","A. 供应商甲向采购人、采购代理机构或磋商小组成员赠送购物卡；
B. 供应商乙提交的业绩合同系伪造；
C. 供应商丙与丁私下协商报价；
D. 供应商戊未完全响应“7×24小时运维”要求，但承诺签约后落实；","ABC"
"多选题","某市交通局竞争性磋商采购智能公交调度系统，磋商文件要求：软件须基于“阿里云”架构开发；供应商须本省注册且有本市同类业绩；核心人员需持“阿里云高级工程师”认证；鼓励使用节能环保设备。下列哪种情形属于磋商文件编制的禁止行为？（）","A. 要求基于“阿里云”架构开发
B. 要求本省注册及本市业绩
C. 要求持有阿里云认证
D. 鼓励使用节能环保设备","ABC"
"多选题","在某科研设备运维服务竞争性磋商项目中，磋商小组根据供应商反馈，拟对磋商文件进行调整。根据《政府采购竞争性磋商采购方式管理暂行办法》第二十条，以下哪些内容可以由磋商小组在磋商过程中作出实质性变动？（）","A. 技术、服务要求
B. 合同草案条款
C. 最终报价的提交形式和轮次
D. 磋商保证金数额","AB"
"判断题","竞争性磋商采购方式只能用于政府购买服务项目。（ ）","A. 正确
B. 错误","B"
"判断题","根据《政府采购竞争性磋商采购方式管理暂行办法》的规定，磋商文件可以要求供应商必须在采购人所在地设有分支机构或注册实体。（ ）","A. 正确
B. 错误","B"
"判断题","根据《政府采购竞争性磋商采购方式管理暂行办法》，采购人代表不得以评审专家身份参加本部门或本单位采购项目的评审。（ ）","A. 正确
B. 错误","A"
"判断题","根据《政府采购竞争性磋商采购方式管理暂行办法》，采购人或者采购代理机构应当在成交结果公告中公告磋商小组成员名单。（ ）","A. 正确
B. 错误","A"
"判断题","根据《政府采购竞争性磋商采购方式管理暂行办法》，采购人与成交供应商应当在成交通知书发出之日起30个工作日内签订政府采购合同。（）","A. 正确
B. 错误","B"
"判断题","根据《财政部关于政府采购竞争性磋商采购方式管理暂行办法有关问题的补充通知》（财库〔2015〕124号），在竞争性磋商采购过程中，符合要求的供应商（社会资本）只有1家时，采购人（项目实施机构）或者采购代理机构可以继续与其进行磋商。（ ）","A. 正确
B. 错误","B"
"判断题","根据《政府采购竞争性磋商采购方式管理暂行办法》，在采用综合评分法进行评审时，计算价格得分可以去掉最后报价中的最高报价和最低报价。（ ）","A. 正确
B. 错误","B"
"判断题","根据《政府采购竞争性磋商采购方式管理暂行办法》，采购人可以书面授权磋商小组直接确定成交供应商。（ ）","A. 正确
B. 错误","A"
"判断题","根据《政府采购竞争性磋商采购方式管理暂行办法》，评审专家在评审过程中泄露评审情况和评审中获悉的商业秘密的，应当承担相应的法律责任。（ ）","A. 正确
B. 错误","A"
"判断题","某县教育局采购智能阅卷软件系统，磋商文件规定保证金为项目预算的2%（即2万元）。供应商B提交了1.5万元保证金，并在响应文件中说明“剩余5000元将在签订合同后补交”。供应商B已提交大部分保证金且承诺后续补足，采购人可酌情接受其响应，避免因小额差额导致采购失败。","A. 正确
B. 错误","B"
"判断题","某市自然资源局采用竞争性磋商方式采购地理信息系统开发服务，项目预算为500万元。采购代理机构在发售磋商文件时，按预算金额的0.1%（即 5000元）定价，并解释称“高价可筛选更有实力的供应商”。","A. 正确
B. 错误","B"
"判断题","某市医院医疗设备运维服务项目，允许供应商以联合体形式参与磋商。联合体由A公司（牵头方）和B公司（成员）组成，磋商文件要求交纳保证金 5万元。A公司单独向采购代理机构账户转账5万元，并在备注中注明“联合体保证金”。采购代理机构可以B公司未参与交纳保证金，认定该联合体未按规定提交保证金并否决其响应文件。","A. 正确
B. 错误","B"
"判断题","某市级单位通过竞争性磋商采购财务软件系统，成交供应商A的最后报价为98万元。在合同签订前，采购人以“预算不足”为由，要求A公司在最后报价基础上再降低5%（即降价4.9万元），否则将取消其成交资格并顺延至第二名供应商。","A. 正确
B. 错误","B"
"判断题","某县农业农村局采购农产品质量检测服务，需推荐5家供应商。采购人推荐了2家，评审专家推荐了3家。","A. 正确
B. 错误","A"
"判断题","市交通局采购智能交通管理系统，磋商文件规定“综合评分仅以最后报价为准，报价最低者得满分100分，其余按比例扣分”。","A. 正确
B. 错误","B"
"判断题","某市疾控中心通过竞争性磋商确定A公司为核酸检测信息系统成交供应商。签约前，采购人组织实地考察，认为A公司技术团队规模小、履约能力不足，遂拒绝与其签订合同，并直接与排名第二的B公司签约。该做法是否符合（ ）","A. 正确
B. 错误","B"
"判断题","某高校因突发校区搬迁重大变故，决定取消原定的竞争性磋商采购项目。采购代理机构随即电话通知所有已提交响应文件的供应商“项目终止”，并书面报告财政部门说明原因。该做法是否符合（ ）","A. 正确
B. 错误","B"
"判断题","某市住建局在竞争性磋商采购智慧工地系统后，发现磋商小组未按文件要求对“数据对接能力”进行评分。采购人拟组织原磋商小组重新评审并修正结果。（ ）","A. 正确
B. 错误","B"
"判断题","某市档案馆采用竞争性磋商采购数字化加工服务，磋商文件已详细列明扫描分辨率、图像格式、质检标准等技术和服务要求。磋商结束后，共有3家实质性响应供应商提交了最后报价。采购人据此推进后续程序。（）","A. 正确
B. 错误","A"
"判断题","某采购代理机构于9月26日（周四）发布竞争性磋商公告并开始发售文 件，原定发售截止日为10月2日（周三）。因10月1日至3日为国庆法定节假日，采购人认为“5个工作日已满”，决定不再顺延截止日，仍按10月2日截止。（ ）","A. 正确
B. 错误","B"
"判断题","某市疾控中心以竞争性磋商方式采购一批采购技术复杂的检验设备，成交候选人A提供的样品在履约前被第三方检出关键性能不达标。采购人组织原磋商小组对样品复测，A公司未提出异议。随后，采购人据此取消其中标资格，并顺位确定第二名为成交供应商。（ ）","A. 正确
B. 错误","B"
"判断题","某市住建局于周一收到采购代理机构的竞争性磋商评审报告，市住建局未对其评审结果提出异议，并于第6个工作日（下周二） 正式向采购代理机构发文确定以评审报告中综合得分排序第一的供应商为成交人。采购代理机构认为：“既然最终还是选了第一名，且未提异议，应视为程序合法。 ”（ ）","A. 正确
B. 错误","B"
